"","percent_correct_avgs","percent_incorrect_avgs","TP_sum","FP_sum","TN_sum","FN_sum","FNR","FOR","precision_avgs","recall_avgs","ROC_Area_avgs"
"ZeroR",31.0169495,68.9830505,1830,4070,0,0,0,NA,0.3101697,1,0.5
"OneR",48.93220341,51.06779659,1306,1649,2421,524,0.286338797814208,0.177928692699491,0.4455033,0.71353804,0.65423548
"J48",57.15254234,42.84745766,1387,1157,2913,443,0.24207650273224,0.132002383790226,0.54928885,0.75792398,0.77258356
"IBK",55.37288134,44.62711866,1460,1531,2539,370,0.202185792349727,0.127191474733585,0.491996,0.79754387,0.78269071
"NaiveBayes",52.35593224,47.64406776,1417,1604,2466,413,0.22568306010929,0.143452587704064,0.4698161,0.77438598,0.76299028
"SimpleLogistics",54.10169489,45.89830511,1533,1640,2430,297,0.162295081967213,0.108910891089109,0.48461161,0.83777772,0.80095486
"SMO",51.86440679,48.13559321,1673,2145,1925,157,0.085792349726776,0.0754082612872238,0.43980147,0.91429809,0.71104651
"RandomForest",59.86440673,40.13559327,1340,975,3095,490,0.26775956284153,0.136680613668061,0.58414956,0.73181285,0.82756965
